2001 Scottish National Park Populations - Postcode Based,,,,,,,,,,,
,,,,,,,,,,,
,CODE,NATIONAL PARK NAME,PC,POSTCODE POPULATION,,,CODE,NATIONAL PARK NAME,PC,POSTCODE POPULATION,
,1,The Cairngorms National Park,AB35 5QN,0,,,2,The Loch Lomond and The Trossachs National Park,FK17 8JN,10,
,1,The Cairngorms National Park,AB35 5QY,13,,,2,The Loch Lomond and The Trossachs National Park,FK17 8JW,5,
,1,The Cairngorms National Park,AB35 5QA,6,,,2,The Loch Lomond and The Trossachs National Park,FK17 8JJ,31,
,1,The Cairngorms National Park,AB35 5QB,2,,,2,The Loch Lomond and The Trossachs National Park,FK17 8JQ,114,
,1,The Cairngorms National Park,AB35 5QD,0,,,2,The Loch Lomond and The Trossachs National Park,FK17 8JE,25,
,1,The Cairngorms National Park,AB35 5QE,6,,,2,The Loch Lomond and The Trossachs National Park,FK17 8JR,29,
,1,The Cairngorms National Park,AB35 5QF,21,,,2,The Loch Lomond and The Trossachs National Park,FK17 8JP,3,
,1,The Cairngorms National Park,AB35 5QG,9,,,2,The Loch Lomond and The Trossachs National Park,FK17 8JS,25,
,1,The Cairngorms National Park,AB35 5QH,36,,,2,The Loch Lomond and The Trossachs National Park,FK17 8JX,5,
,1,The Cairngorms National Park,AB35 5PY,11,,,2,The Loch Lomond and The Trossachs National Park,FK17 8JU,4,
,1,The Cairngorms National Park,AB35 5QL,39,,,2,The Loch Lomond and The Trossachs National Park,FK17 8LB,5,
,1,The Cairngorms National Park,AB35 5PX,7,,,2,The Loch Lomond and The Trossachs National Park,FK17 8LA,7,
,1,The Cairngorms National Park,AB35 5QP,23,,,2,The Loch Lomond and The Trossachs National Park,FK17 8HR,6,
,1,The Cairngorms National Park,AB35 5QQ,52,,,2,The Loch Lomond and The Trossachs National Park,FK17 8JY,1,
,1,The Cairngorms National Park,AB35 5QR,17,,,2,The Loch Lomond and The Trossachs National Park,FK17 8JZ,14,
,1,The Cairngorms National Park,AB35 5QS,16,,,2,The Loch Lomond and The Trossachs National Park,FK17 8JT,18,
,1,The Cairngorms National Park,AB35 5QT,71,,,2,The Loch Lomond and The Trossachs National Park,FK17 8HP,8,
,1,The Cairngorms National Park,AB35 5QU,12,,,2,The Loch Lomond and The Trossachs National Park,FK17 8HA,12,
,1,The Cairngorms National Park,AB35 5QW,2,,,2,The Loch Lomond and The Trossachs National Park,FK17 8HD,42,
,1,The Cairngorms National Park,AB35 5GJ,17,,,2,The Loch Lomond and The Trossachs National Park,FK17 8HE,50,
,1,The Cairngorms National Park,AB35 5QJ,24,,,2,The Loch Lomond and The Trossachs National Park,FK17 8HF,27,
,1,The Cairngorms National Park,AB35 5PE,8,,,2,The Loch Lomond and The Trossachs National Park,FK19 8NT,10,
,1,The Cairngorms National Park,AB35 5TL,2,,,2,The Loch Lomond and The Trossachs National Park,FK17 8LD,0,
,1,The Cairngorms National Park,AB35 5GS,32,,,2,The Loch Lomond and The Trossachs National Park,FK17 8HG,20,
,1,The Cairngorms National Park,AB35 5NE,8,,,2,The Loch Lomond and The Trossachs National Park,FK17 8HT,89,
,1,The Cairngorms National Park,AB35 5NH,2,,,2,The Loch Lomond and The Trossachs National Park,FK17 8HN,46,
,1,The Cairngorms National Park,AB35 5NJ,47,,,2,The Loch Lomond and The Trossachs National Park,FK17 8JB,6,
,1,The Cairngorms National Park,AB35 5NN,18,,,2,The Loch Lomond and The Trossachs National Park,FK17 8HQ,7,
,1,The Cairngorms National Park,AB35 5NP,10,,,2,The Loch Lomond and The Trossachs National Park,FK17 8HS,13,
,1,The Cairngorms National Park,AB35 5NQ,7,,,2,The Loch Lomond and The Trossachs National Park,FK17 8HU,4,
,1,The Cairngorms National Park,AB35 5PZ,5,,,2,The Loch Lomond and The Trossachs National Park,FK17 8HW,37,
,1,The Cairngorms National Park,AB35 5NX,5,,,2,The Loch Lomond and The Trossachs National Park,FK17 8HX,13,
,1,The Cairngorms National Park,AB35 5QZ,16,,,2,The Loch Lomond and The Trossachs National Park,FK17 8HZ,34,
,1,The Cairngorms National Park,AB35 5PH,33,,,2,The Loch Lomond and The Trossachs National Park,FK17 8JA,7,
,1,The Cairngorms National Park,AB35 5PJ,77,,,2,The Loch Lomond and The Trossachs National Park,FK17 8HJ,60,
,1,The Cairngorms National Park,AB35 5PL,8,,,2,The Loch Lomond and The Trossachs National Park,FK19 8PS,11,
,1,The Cairngorms National Park,AB35 5PN,2,,,2,The Loch Lomond and The Trossachs National Park,FK19 8NY,31,
,1,The Cairngorms National Park,AB35 5PQ,5,,,2,The Loch Lomond and The Trossachs National Park,FK19 8NZ,52,
,1,The Cairngorms National Park,AB35 5PS,16,,,2,The Loch Lomond and The Trossachs National Park,FK19 8PA,20,
,1,The Cairngorms National Park,AB35 5PT,21,,,2,The Loch Lomond and The Trossachs National Park,FK19 8PB,48,
,1,The Cairngorms National Park,AB35 5PW,5,,,2,The Loch Lomond and The Trossachs National Park,FK19 8PE,9,
,1,The Cairngorms National Park,AB35 5NS,6,,,2,The Loch Lomond and The Trossachs National Park,FK19 8PN,35,
,1,The Cairngorms National Park,AB35 5ST,19,,,2,The Loch Lomond and The Trossachs National Park,FK19 8NR,32,
,1,The Cairngorms National Park,AB35 5QX,23,,,2,The Loch Lomond and The Trossachs National Park,FK19 8PR,25,
,1,The Cairngorms National Park,AB35 5SG,26,,,2,The Loch Lomond and The Trossachs National Park,FK18 8NQ,33,
,1,The Cairngorms National Park,AB35 5SH,13,,,2,The Loch Lomond and The Trossachs National Park,FK19 8PT,16,
,1,The Cairngorms National Park,AB35 5SJ,6,,,2,The Loch Lomond and The Trossachs National Park,FK19 8PU,25,
,1,The Cairngorms National Park,AB35 5SL,4,,,2,The Loch Lomond and The Trossachs National Park,FK17 8FD,12,
,1,The Cairngorms National Park,AB35 5SN,4,,,2,The Loch Lomond and The Trossachs National Park,FK17 8BS,44,
,1,The Cairngorms National Park,AB35 5SP,10,,,2,The Loch Lomond and The Trossachs National Park,FK19 8PX,26,
,1,The Cairngorms National Park,AB35 5SQ,17,,,2,The Loch Lomond and The Trossachs National Park,FK19 8PW,12,
,1,The Cairngorms National Park,AB35 5SD,28,,,2,The Loch Lomond and The Trossachs National Park,FK19 8PQ,38,
,1,The Cairngorms National Park,AB35 5SS,20,,,2,The Loch Lomond and The Trossachs National Park,FK18 8NA,83,
,1,The Cairngorms National Park,AB35 5SB,32,,,2,The Loch Lomond and The Trossachs National Park,FK17 8LG,5,
,1,The Cairngorms National Park,AB35 5SU,11,,,2,The Loch Lomond and The Trossachs National Park,FK17 8LH,27,
,1,The Cairngorms National Park,AB35 5SX,8,,,2,The Loch Lomond and The Trossachs National Park,FK17 8LP,54,
,1,The Cairngorms National Park,AB35 5SY,13,,,2,The Loch Lomond and The Trossachs National Park,FK17 8LQ,3,
,1,The Cairngorms National Park,AB35 5TA,4,,,2,The Loch Lomond and The Trossachs National Park,FK17 8LT,4,
,1,The Cairngorms National Park,AB35 5TB,93,,,2,The Loch Lomond and The Trossachs National Park,FK17 8LX,0,
,1,The Cairngorms National Park,AB35 5TE,3,,,2,The Loch Lomond and The Trossachs National Park,FK19 8NX,18,
,1,The Cairngorms National Park,AB35 5TF,15,,,2,The Loch Lomond and The Trossachs National Park,FK17 8LZ,65,
,1,The Cairngorms National Park,PH21 1HB,31,,,2,The Loch Lomond and The Trossachs National Park,FK19 8NS,5,
,1,The Cairngorms National Park,AB35 5SR,7,,,2,The Loch Lomond and The Trossachs National Park,FK18 8NB,15,
,1,The Cairngorms National Park,AB35 5RQ,68,,,2,The Loch Lomond and The Trossachs National Park,FK18 8ND,6,
,1,The Cairngorms National Park,AB35 5RB,0,,,2,The Loch Lomond and The Trossachs National Park,FK18 8NF,30,
,1,The Cairngorms National Park,AB35 5RD,38,,,2,The Loch Lomond and The Trossachs National Park,FK18 8NG,28,
,1,The Cairngorms National Park,AB35 5RE,13,,,2,The Loch Lomond and The Trossachs National Park,FK18 8NJ,8,
,1,The Cairngorms National Park,AB35 5RF,17,,,2,The Loch Lomond and The Trossachs National Park,FK18 8NL,44,
,1,The Cairngorms National Park,AB35 5RG,123,,,2,The Loch Lomond and The Trossachs National Park,FK17 8LE,51,
,1,The Cairngorms National Park,AB35 5RH,4,,,2,The Loch Lomond and The Trossachs National Park,FK17 8LY,48,
,1,The Cairngorms National Park,AB35 5RJ,13,,,2,The Loch Lomond and The Trossachs National Park,FK17 8BP,14,
,1,The Cairngorms National Park,AB35 5RL,60,,,2,The Loch Lomond and The Trossachs National Park,FK17 8BB,24,
,1,The Cairngorms National Park,AB35 5SF,27,,,2,The Loch Lomond and The Trossachs National Park,FK17 8BD,19,
,1,The Cairngorms National Park,AB35 5RP,27,,,2,The Loch Lomond and The Trossachs National Park,FK17 8BF,6,
,1,The Cairngorms National Park,AB35 5GH,2,,,2,The Loch Lomond and The Trossachs National Park,FK17 8BG,95,
,1,The Cairngorms National Park,AB35 5RR,32,,,2,The Loch Lomond and The Trossachs National Park,FK17 8BH,48,
,1,The Cairngorms National Park,AB35 5RS,43,,,2,The Loch Lomond and The Trossachs National Park,FK17 8BJ,2,
,1,The Cairngorms National Park,AB35 5RT,10,,,2,The Loch Lomond and The Trossachs National Park,FK17 8DA,22,
,1,The Cairngorms National Park,AB35 5RU,70,,,2,The Loch Lomond and The Trossachs National Park,FK17 8BN,34,
,1,The Cairngorms National Park,AB35 5RW,31,,,2,The Loch Lomond and The Trossachs National Park,FK17 8AY,60,
,1,The Cairngorms National Park,AB35 5RX,55,,,2,The Loch Lomond and The Trossachs National Park,FK17 8BQ,26,
,1,The Cairngorms National Park,AB35 5RY,5,,,2,The Loch Lomond and The Trossachs National Park,FK17 8BT,10,
,1,The Cairngorms National Park,AB35 5SA,0,,,2,The Loch Lomond and The Trossachs National Park,FK17 8BW,56,
,1,The Cairngorms National Park,AB35 5RN,54,,,2,The Loch Lomond and The Trossachs National Park,FK17 8BX,4,
,1,The Cairngorms National Park,PH20 1DN,14,,,2,The Loch Lomond and The Trossachs National Park,FK17 8BY,61,
,1,The Cairngorms National Park,PH20 1BT,38,,,2,The Loch Lomond and The Trossachs National Park,FK17 8BU,13,
,1,The Cairngorms National Park,PH20 1DY,162,,,2,The Loch Lomond and The Trossachs National Park,FK17 8BL,17,
,1,The Cairngorms National Park,PH20 1DX,78,,,2,The Loch Lomond and The Trossachs National Park,FK17 8AJ,37,
,1,The Cairngorms National Park,PH20 1DW,20,,,2,The Loch Lomond and The Trossachs National Park,FK19 8PY,13,
,1,The Cairngorms National Park,PH20 1DU,21,,,2,The Loch Lomond and The Trossachs National Park,G63 0HY,36,
,1,The Cairngorms National Park,PH20 1DT,129,,,2,The Loch Lomond and The Trossachs National Park,FK17 8AA,10,
,1,The Cairngorms National Park,PH20 1DS,3,,,2,The Loch Lomond and The Trossachs National Park,FK17 8AB,10,
,1,The Cairngorms National Park,PH20 1DR,55,,,2,The Loch Lomond and The Trossachs National Park,FK17 8AD,7,
,1,The Cairngorms National Park,PH20 1EA,16,,,2,The Loch Lomond and The Trossachs National Park,FK17 8AE,8,
,1,The Cairngorms National Park,PH20 1DP,13,,,2,The Loch Lomond and The Trossachs National Park,FK17 8BA,4,
,1,The Cairngorms National Park,PH20 1EB,19,,,2,The Loch Lomond and The Trossachs National Park,FK17 8AG,94,
,1,The Cairngorms National Park,PH20 1DJ,11,,,2,The Loch Lomond and The Trossachs National Park,FK17 8AZ,18,
,1,The Cairngorms National Park,PH20 1DH,5,,,2,The Loch Lomond and The Trossachs National Park,FK17 8AL,64,
,1,The Cairngorms National Park,PH20 1DG,34,,,2,The Loch Lomond and The Trossachs National Park,FK17 8AR,82,
,1,The Cairngorms National Park,PH20 1DE,2,,,2,The Loch Lomond and The Trossachs National Park,FK17 8AS,83,
,1,The Cairngorms National Park,PH20 1DD,30,,,2,The Loch Lomond and The Trossachs National Park,FK17 8AU,5,
,1,The Cairngorms National Park,PH20 1DA,38,,,2,The Loch Lomond and The Trossachs National Park,FK17 8AW,8,
,1,The Cairngorms National Park,PH20 1BX,44,,,2,The Loch Lomond and The Trossachs National Park,FK17 8AX,0,
,1,The Cairngorms National Park,AB35 5GL,6,,,2,The Loch Lomond and The Trossachs National Park,FK17 8DD,65,
,1,The Cairngorms National Park,PH20 1DQ,2,,,2,The Loch Lomond and The Trossachs National Park,FK17 8AF,5,
,1,The Cairngorms National Park,PH21 1EN,16,,,2,The Loch Lomond and The Trossachs National Park,FK17 8ER,54,
,1,The Cairngorms National Park,PH21 1HA,65,,,2,The Loch Lomond and The Trossachs National Park,FK17 8EE,21,
,1,The Cairngorms National Park,PH21 1EZ,16,,,2,The Loch Lomond and The Trossachs National Park,FK17 8EF,11,
,1,The Cairngorms National Park,PH21 1EY,35,,,2,The Loch Lomond and The Trossachs National Park,FK17 8EG,10,
,1,The Cairngorms National Park,PH21 1EX,4,,,2,The Loch Lomond and The Trossachs National Park,FK17 8EH,60,
,1,The Cairngorms National Park,PH21 1EW,14,,,2,The Loch Lomond and The Trossachs National Park,FK17 8EL,146,
,1,The Cairngorms National Park,PH21 1EU,9,,,2,The Loch Lomond and The Trossachs National Park,FK17 8EN,19,
,1,The Cairngorms National Park,PH21 1ET,29,,,2,The Loch Lomond and The Trossachs National Park,FK17 8BZ,3,
,1,The Cairngorms National Park,PH21 1ES,4,,,2,The Loch Lomond and The Trossachs National Park,FK17 8EQ,10,
,1,The Cairngorms National Park,PH20 1DZ,15,,,2,The Loch Lomond and The Trossachs National Park,FK17 8EA,30,
,1,The Cairngorms National Park,PH21 1EP,6,,,2,The Loch Lomond and The Trossachs National Park,FK17 8ES,135,
,1,The Cairngorms National Park,PH20 1BS,70,,,2,The Loch Lomond and The Trossachs National Park,FK17 8ET,18,
,1,The Cairngorms National Park,PH21 1EL,6,,,2,The Loch Lomond and The Trossachs National Park,FK17 8EU,47,
,1,The Cairngorms National Park,PH21 1EH,9,,,2,The Loch Lomond and The Trossachs National Park,FK17 8EW,29,
,1,The Cairngorms National Park,PH21 1DX,10,,,2,The Loch Lomond and The Trossachs National Park,FK17 8EX,32,
,1,The Cairngorms National Park,PH21 1DQ,7,,,2,The Loch Lomond and The Trossachs National Park,FK17 8EY,23,
,1,The Cairngorms National Park,PH20 1EG,3,,,2,The Loch Lomond and The Trossachs National Park,FK17 8EP,78,
,1,The Cairngorms National Park,PH20 1EF,22,,,2,The Loch Lomond and The Trossachs National Park,FK17 8DQ,11,
,1,The Cairngorms National Park,PH20 1EE,12,,,2,The Loch Lomond and The Trossachs National Park,FK17 8DE,10,
,1,The Cairngorms National Park,PH20 1ED,55,,,2,The Loch Lomond and The Trossachs National Park,FK17 8DF,111,
,1,The Cairngorms National Park,PH21 1ER,0,,,2,The Loch Lomond and The Trossachs National Park,FK17 8DG,14,
,1,The Cairngorms National Park,AB34 5PB,0,,,2,The Loch Lomond and The Trossachs National Park,FK17 8DH,9,
,1,The Cairngorms National Park,PH20 1BU,41,,,2,The Loch Lomond and The Trossachs National Park,FK17 8DJ,23,
,1,The Cairngorms National Park,PH19 1AB,37,,,2,The Loch Lomond and The Trossachs National Park,FK17 8DL,15,
,1,The Cairngorms National Park,PH11 8QW,33,,,2,The Loch Lomond and The Trossachs National Park,FK17 8ED,12,
,1,The Cairngorms National Park,AB34 5LW,8,,,2,The Loch Lomond and The Trossachs National Park,FK17 8DP,8,
,1,The Cairngorms National Park,AB34 5NB,9,,,2,The Loch Lomond and The Trossachs National Park,FK17 8EB,26,
,1,The Cairngorms National Park,AB34 5NT,6,,,2,The Loch Lomond and The Trossachs National Park,FK17 8DR,23,
,1,The Cairngorms National Park,AB34 5NU,13,,,2,The Loch Lomond and The Trossachs National Park,FK17 8DS,57,
,1,The Cairngorms National Park,AB34 5NX,15,,,2,The Loch Lomond and The Trossachs National Park,FK17 8DT,3,
,1,The Cairngorms National Park,PH19 1AF,36,,,2,The Loch Lomond and The Trossachs National Park,FK17 8DU,31,
,1,The Cairngorms National Park,AB34 5PA,2,,,2,The Loch Lomond and The Trossachs National Park,FK17 8DW,118,
,1,The Cairngorms National Park,PH19 1AQ,0,,,2,The Loch Lomond and The Trossachs National Park,FK17 8DX,25,
,1,The Cairngorms National Park,AB34 5PD,4,,,2,The Loch Lomond and The Trossachs National Park,FK17 8EZ,7,
,1,The Cairngorms National Park,AB34 5PE,8,,,2,The Loch Lomond and The Trossachs National Park,FK17 8DN,80,
,1,The Cairngorms National Park,AB34 5PH,3,,,2,The Loch Lomond and The Trossachs National Park,G83 8JH,30,
,1,The Cairngorms National Park,AB34 5PJ,1,,,2,The Loch Lomond and The Trossachs National Park,G83 8HT,50,
,1,The Cairngorms National Park,AB34 5PL,1,,,2,The Loch Lomond and The Trossachs National Park,G83 8JX,11,
,1,The Cairngorms National Park,AB34 5PN,16,,,2,The Loch Lomond and The Trossachs National Park,G83 8JW,9,
,1,The Cairngorms National Park,AB34 5PY,2,,,2,The Loch Lomond and The Trossachs National Park,G83 8JU,5,
,1,The Cairngorms National Park,AB34 5QA,0,,,2,The Loch Lomond and The Trossachs National Park,G83 8JT,36,
,1,The Cairngorms National Park,AB34 5NY,6,,,2,The Loch Lomond and The Trossachs National Park,G83 8JS,53,
,1,The Cairngorms National Park,PH20 1AZ,2,,,2,The Loch Lomond and The Trossachs National Park,G83 8JR,61,
,1,The Cairngorms National Park,PH20 1BQ,2,,,2,The Loch Lomond and The Trossachs National Park,G83 8JQ,31,
,1,The Cairngorms National Park,PH20 1BP,26,,,2,The Loch Lomond and The Trossachs National Park,G83 8JP,30,
,1,The Cairngorms National Park,PH20 1BL,16,,,2,The Loch Lomond and The Trossachs National Park,G83 8JN,156,
,1,The Cairngorms National Park,PH20 1BJ,30,,,2,The Loch Lomond and The Trossachs National Park,G83 8JZ,3,
,1,The Cairngorms National Park,PH20 1BH,17,,,2,The Loch Lomond and The Trossachs National Park,G83 8JJ,71,
,1,The Cairngorms National Park,PH20 1BG,6,,,2,The Loch Lomond and The Trossachs National Park,G83 8LA,43,
,1,The Cairngorms National Park,PH20 1BE,34,,,2,The Loch Lomond and The Trossachs National Park,G83 8JG,29,
,1,The Cairngorms National Park,PH20 1BD,29,,,2,The Loch Lomond and The Trossachs National Park,G83 8JF,32,
,1,The Cairngorms National Park,PH19 1AD,18,,,2,The Loch Lomond and The Trossachs National Park,G83 8JE,9,
,1,The Cairngorms National Park,PH20 1BA,35,,,2,The Loch Lomond and The Trossachs National Park,G83 8JD,6,
,1,The Cairngorms National Park,AB35 5TN,7,,,2,The Loch Lomond and The Trossachs National Park,G83 8JB,44,
,1,The Cairngorms National Park,PH20 1AY,38,,,2,The Loch Lomond and The Trossachs National Park,G83 8JA,37,
,1,The Cairngorms National Park,PH20 1AX,4,,,2,The Loch Lomond and The Trossachs National Park,G83 8HZ,35,
,1,The Cairngorms National Park,PH20 1AT,60,,,2,The Loch Lomond and The Trossachs National Park,G83 8HY,48,
,1,The Cairngorms National Park,PH20 1AR,78,,,2,The Loch Lomond and The Trossachs National Park,G83 8HX,41,
,1,The Cairngorms National Park,PH20 1AP,8,,,2,The Loch Lomond and The Trossachs National Park,G83 8HW,16,
,1,The Cairngorms National Park,PH20 1AN,49,,,2,The Loch Lomond and The Trossachs National Park,G63 0JU,0,
,1,The Cairngorms National Park,PH20 1AL,0,,,2,The Loch Lomond and The Trossachs National Park,G83 8JL,83,
,1,The Cairngorms National Park,PH20 1AH,16,,,2,The Loch Lomond and The Trossachs National Park,G83 8LY,18,
,1,The Cairngorms National Park,PH20 1BB,6,,,2,The Loch Lomond and The Trossachs National Park,G83 8NU,29,
,1,The Cairngorms National Park,AB37 9AR,24,,,2,The Loch Lomond and The Trossachs National Park,G83 8NT,0,
,1,The Cairngorms National Park,AB37 9EQ,8,,,2,The Loch Lomond and The Trossachs National Park,G83 8NR,4,
,1,The Cairngorms National Park,AB36 8YQ,2,,,2,The Loch Lomond and The Trossachs National Park,G83 8NQ,36,
,1,The Cairngorms National Park,AB36 8YR,7,,,2,The Loch Lomond and The Trossachs National Park,G83 8NL,25,
,1,The Cairngorms National Park,AB34 5EU,59,,,2,The Loch Lomond and The Trossachs National Park,G83 8NJ,0,
,1,The Cairngorms National Park,AB36 8YS,2,,,2,The Loch Lomond and The Trossachs National Park,G83 8NG,10,
,1,The Cairngorms National Park,AB36 8YT,7,,,2,The Loch Lomond and The Trossachs National Park,G83 8NF,48,
,1,The Cairngorms National Park,AB36 8YX,8,,,2,The Loch Lomond and The Trossachs National Park,G83 8NE,29,
,1,The Cairngorms National Park,AB37 9AN,17,,,2,The Loch Lomond and The Trossachs National Park,G83 8ND,38,
,1,The Cairngorms National Park,AB36 8YN,0,,,2,The Loch Lomond and The Trossachs National Park,G83 8JY,14,
,1,The Cairngorms National Park,AB37 9AQ,18,,,2,The Loch Lomond and The Trossachs National Park,G83 8NA,22,
,1,The Cairngorms National Park,AB36 8YL,25,,,2,The Loch Lomond and The Trossachs National Park,G83 8HS,74,
,1,The Cairngorms National Park,AB37 9DA,7,,,2,The Loch Lomond and The Trossachs National Park,G83 8LX,37,
,1,The Cairngorms National Park,AB37 9DB,31,,,2,The Loch Lomond and The Trossachs National Park,G83 8LW,81,
,1,The Cairngorms National Park,AB37 9DJ,11,,,2,The Loch Lomond and The Trossachs National Park,G83 8LU,22,
,1,The Cairngorms National Park,AB37 9DL,9,,,2,The Loch Lomond and The Trossachs National Park,G83 8LQ,13,
,1,The Cairngorms National Park,AB37 9EH,5,,,2,The Loch Lomond and The Trossachs National Park,G83 8LL,51,
,1,The Cairngorms National Park,AB37 9EL,1,,,2,The Loch Lomond and The Trossachs National Park,G83 8LJ,84,
,1,The Cairngorms National Park,AB37 9EN,3,,,2,The Loch Lomond and The Trossachs National Park,G83 8LG,3,
,1,The Cairngorms National Park,AB36 8UR,27,,,2,The Loch Lomond and The Trossachs National Park,G83 8LF,14,
,1,The Cairngorms National Park,AB37 9AP,5,,,2,The Loch Lomond and The Trossachs National Park,G83 8LE,25,
,1,The Cairngorms National Park,AB36 8XQ,6,,,2,The Loch Lomond and The Trossachs National Park,G83 8LD,30,
,1,The Cairngorms National Park,AB35 5TJ,24,,,2,The Loch Lomond and The Trossachs National Park,G83 8LB,6,
,1,The Cairngorms National Park,AB36 8UT,1,,,2,The Loch Lomond and The Trossachs National Park,G83 8NB,46,
,1,The Cairngorms National Park,AB36 8UX,8,,,2,The Loch Lomond and The Trossachs National Park,G83 7AL,57,
,1,The Cairngorms National Park,AB36 8XA,42,,,2,The Loch Lomond and The Trossachs National Park,G83 8HU,58,
,1,The Cairngorms National Park,AB36 8XB,2,,,2,The Loch Lomond and The Trossachs National Park,G83 7DB,82,
,1,The Cairngorms National Park,AB36 8XD,0,,,2,The Loch Lomond and The Trossachs National Park,G83 7DA,31,
,1,The Cairngorms National Park,AB36 8XJ,29,,,2,The Loch Lomond and The Trossachs National Park,G83 7BG,42,
,1,The Cairngorms National Park,AB36 8XL,30,,,2,The Loch Lomond and The Trossachs National Park,G83 7BE,21,
,1,The Cairngorms National Park,AB36 8YP,18,,,2,The Loch Lomond and The Trossachs National Park,G83 7BD,29,
,1,The Cairngorms National Park,AB36 8XP,7,,,2,The Loch Lomond and The Trossachs National Park,G83 7AW,60,
,1,The Cairngorms National Park,AB37 9ER,9,,,2,The Loch Lomond and The Trossachs National Park,G83 7AS,2,
,1,The Cairngorms National Park,AB36 8XR,1,,,2,The Loch Lomond and The Trossachs National Park,G83 7AR,33,
,1,The Cairngorms National Park,AB36 8XS,13,,,2,The Loch Lomond and The Trossachs National Park,G83 7AQ,38,
,1,The Cairngorms National Park,AB36 8XT,18,,,2,The Loch Lomond and The Trossachs National Park,G83 7DE,26,
,1,The Cairngorms National Park,AB36 8XX,11,,,2,The Loch Lomond and The Trossachs National Park,G83 7AN,50,
,1,The Cairngorms National Park,AB36 8YA,9,,,2,The Loch Lomond and The Trossachs National Park,G83 7DF,7,
,1,The Cairngorms National Park,AB36 8YB,10,,,2,The Loch Lomond and The Trossachs National Park,G83 7AJ,21,
,1,The Cairngorms National Park,AB36 8YD,3,,,2,The Loch Lomond and The Trossachs National Park,G83 7AH,25,
,1,The Cairngorms National Park,AB36 8YJ,2,,,2,The Loch Lomond and The Trossachs National Park,G83 7AG,65,
,1,The Cairngorms National Park,AB36 8XN,1,,,2,The Loch Lomond and The Trossachs National Park,G83 7AF,26,
,1,The Cairngorms National Park,AB37 9JR,8,,,2,The Loch Lomond and The Trossachs National Park,G83 7AE,23,
,1,The Cairngorms National Park,AB37 9EP,3,,,2,The Loch Lomond and The Trossachs National Park,G83 7AD,58,
,1,The Cairngorms National Park,AB37 9HW,6,,,2,The Loch Lomond and The Trossachs National Park,G83 7AB,32,
,1,The Cairngorms National Park,AB37 9HX,6,,,2,The Loch Lomond and The Trossachs National Park,G83 7AA,99,
,1,The Cairngorms National Park,AB37 9JA,20,,,2,The Loch Lomond and The Trossachs National Park,G63 0NH,15,
,1,The Cairngorms National Park,AB37 9JB,11,,,2,The Loch Lomond and The Trossachs National Park,G63 0JY,13,
,1,The Cairngorms National Park,AB37 9JE,19,,,2,The Loch Lomond and The Trossachs National Park,G63 0HW,9,
,1,The Cairngorms National Park,AB37 9JL,8,,,2,The Loch Lomond and The Trossachs National Park,G83 7AP,19,
,1,The Cairngorms National Park,AB37 9JN,25,,,2,The Loch Lomond and The Trossachs National Park,G83 7DXB,1,
,1,The Cairngorms National Park,AB37 9HT,21,,,2,The Loch Lomond and The Trossachs National Park,G83 8HR,0,
,1,The Cairngorms National Park,AB37 9JQ,17,,,2,The Loch Lomond and The Trossachs National Park,G83 8HP,12,
,1,The Cairngorms National Park,AB37 9HS,1,,,2,The Loch Lomond and The Trossachs National Park,G83 8HN,48,
,1,The Cairngorms National Park,AB37 9JS,41,,,2,The Loch Lomond and The Trossachs National Park,G83 8HL,53,
,1,The Cairngorms National Park,DD8 4QR,4,,,2,The Loch Lomond and The Trossachs National Park,G83 8EW,61,
,1,The Cairngorms National Park,DD8 4QS,3,,,2,The Loch Lomond and The Trossachs National Park,G83 8ER,42,
,1,The Cairngorms National Park,DD8 4RA,7,,,2,The Loch Lomond and The Trossachs National Park,G83 8EP,8,
,1,The Cairngorms National Park,DD8 4RB,0,,,2,The Loch Lomond and The Trossachs National Park,G83 8EN,4,
,1,The Cairngorms National Park,DD8 4RD,7,,,2,The Loch Lomond and The Trossachs National Park,G83 8EL,32,
,1,The Cairngorms National Park,DD9 7YY,23,,,2,The Loch Lomond and The Trossachs National Park,G83 8EJ,46,
,1,The Cairngorms National Park,DD9 7YZ,16,,,2,The Loch Lomond and The Trossachs National Park,G83 7DD,44,
,1,The Cairngorms National Park,AB37 9JP,8,,,2,The Loch Lomond and The Trossachs National Park,G83 7DZ,4,
,1,The Cairngorms National Park,AB37 9HF,0,,,2,The Loch Lomond and The Trossachs National Park,G83 8NY,34,
,1,The Cairngorms National Park,AB37 9ES,21,,,2,The Loch Lomond and The Trossachs National Park,G83 7DXA,6,
,1,The Cairngorms National Park,AB37 9ET,30,,,2,The Loch Lomond and The Trossachs National Park,G83 7DW,11,
,1,The Cairngorms National Park,AB37 9EW,14,,,2,The Loch Lomond and The Trossachs National Park,G83 7DT,22,
,1,The Cairngorms National Park,AB37 9EX,68,,,2,The Loch Lomond and The Trossachs National Park,G83 7DS,8,
,1,The Cairngorms National Park,AB37 9EY,0,,,2,The Loch Lomond and The Trossachs National Park,G83 7DQ,7,
,1,The Cairngorms National Park,AB37 9EZ,11,,,2,The Loch Lomond and The Trossachs National Park,G83 7DP,7,
,1,The Cairngorms National Park,AB37 9HA,93,,,2,The Loch Lomond and The Trossachs National Park,G83 7DN,2,
,1,The Cairngorms National Park,AB37 9HB,2,,,2,The Loch Lomond and The Trossachs National Park,G83 7DL,6,
,1,The Cairngorms National Park,AB37 9HU,35,,,2,The Loch Lomond and The Trossachs National Park,G83 7DJ,2,
,1,The Cairngorms National Park,AB37 9HE,6,,,2,The Loch Lomond and The Trossachs National Park,G83 7DH,6,
,1,The Cairngorms National Park,AB36 8UQ,4,,,2,The Loch Lomond and The Trossachs National Park,G83 7DG,21,
,1,The Cairngorms National Park,AB37 9HG,12,,,2,The Loch Lomond and The Trossachs National Park,G83 8DS,4,
,1,The Cairngorms National Park,AB37 9HH,12,,,2,The Loch Lomond and The Trossachs National Park,PA23 8TA,39,
,1,The Cairngorms National Park,AB37 9HJ,7,,,2,The Loch Lomond and The Trossachs National Park,G83 8NW,33,
,1,The Cairngorms National Park,AB37 9HL,18,,,2,The Loch Lomond and The Trossachs National Park,PA23 8TT,27,
,1,The Cairngorms National Park,AB37 9HN,8,,,2,The Loch Lomond and The Trossachs National Park,PA23 8TS,17,
,1,The Cairngorms National Park,AB37 9HP,16,,,2,The Loch Lomond and The Trossachs National Park,PA23 8TR,71,
,1,The Cairngorms National Park,AB37 9HQ,0,,,2,The Loch Lomond and The Trossachs National Park,PA23 8TP,27,
,1,The Cairngorms National Park,AB37 9HR,6,,,2,The Loch Lomond and The Trossachs National Park,PA23 8TN,11,
,1,The Cairngorms National Park,AB37 9HD,12,,,2,The Loch Lomond and The Trossachs National Park,PA23 8TL,47,
,1,The Cairngorms National Park,AB35 5XP,4,,,2,The Loch Lomond and The Trossachs National Park,PA23 8TJ,61,
,1,The Cairngorms National Park,AB35 5YD,0,,,2,The Loch Lomond and The Trossachs National Park,PA23 8TH,57,
,1,The Cairngorms National Park,AB35 5WP,9,,,2,The Loch Lomond and The Trossachs National Park,PA23 8TG,29,
,1,The Cairngorms National Park,AB35 5WR,41,,,2,The Loch Lomond and The Trossachs National Park,PA24 8AA,71,
,1,The Cairngorms National Park,AB35 5WS,11,,,2,The Loch Lomond and The Trossachs National Park,PA23 8TB,41,
,1,The Cairngorms National Park,AB35 5WT,4,,,2,The Loch Lomond and The Trossachs National Park,PA24 8AB,37,
,1,The Cairngorms National Park,AB35 5XA,0,,,2,The Loch Lomond and The Trossachs National Park,PA23 8SG,33,
,1,The Cairngorms National Park,AB35 5XB,10,,,2,The Loch Lomond and The Trossachs National Park,PA23 8SF,17,
,1,The Cairngorms National Park,AB35 5XD,0,,,2,The Loch Lomond and The Trossachs National Park,PA23 8SE,53,
,1,The Cairngorms National Park,AB35 5UX,9,,,2,The Loch Lomond and The Trossachs National Park,PA23 8SD,35,
,1,The Cairngorms National Park,AB35 5XN,6,,,2,The Loch Lomond and The Trossachs National Park,PA23 8SB,49,
,1,The Cairngorms National Park,AB35 5UT,14,,,2,The Loch Lomond and The Trossachs National Park,PA23 8SA,55,
,1,The Cairngorms National Park,AB35 5XQ,6,,,2,The Loch Lomond and The Trossachs National Park,PA23 8RY,63,
,1,The Cairngorms National Park,AB35 5XR,7,,,2,The Loch Lomond and The Trossachs National Park,PA23 8RX,34,
,1,The Cairngorms National Park,AB35 5XS,5,,,2,The Loch Lomond and The Trossachs National Park,PA23 8RU,3,
,1,The Cairngorms National Park,AB35 5XT,0,,,2,The Loch Lomond and The Trossachs National Park,PA23 8RT,86,
,1,The Cairngorms National Park,AB35 5XU,6,,,2,The Loch Lomond and The Trossachs National Park,PA23 8RS,37,
,1,The Cairngorms National Park,AB35 5XX,14,,,2,The Loch Lomond and The Trossachs National Park,PA23 8TE,74,
,1,The Cairngorms National Park,AB35 5YA,2,,,2,The Loch Lomond and The Trossachs National Park,PA26 8BQ,5,
,1,The Cairngorms National Park,AB36 8US,25,,,2,The Loch Lomond and The Trossachs National Park,PH6 2NN,2,
,1,The Cairngorms National Park,AB35 5XL,5,,,2,The Loch Lomond and The Trossachs National Park,PH6 2NL,4,
,1,The Cairngorms National Park,AB35 5UE,0,,,2,The Loch Lomond and The Trossachs National Park,PH6 2NJ,2,
,1,The Cairngorms National Park,AB35 5TP,30,,,2,The Loch Lomond and The Trossachs National Park,PH6 2NG,31,
,1,The Cairngorms National Park,AB35 5TQ,5,,,2,The Loch Lomond and The Trossachs National Park,PH6 2NF,64,
,1,The Cairngorms National Park,AB35 5TR,8,,,2,The Loch Lomond and The Trossachs National Park,PH6 2NE,14,
,1,The Cairngorms National Park,AB35 5TS,6,,,2,The Loch Lomond and The Trossachs National Park,PH6 2ND,46,
,1,The Cairngorms National Park,AB35 5TU,2,,,2,The Loch Lomond and The Trossachs National Park,PH6 2NB,5,
,1,The Cairngorms National Park,AB35 5TX,19,,,2,The Loch Lomond and The Trossachs National Park,PA27 8DW,20,
,1,The Cairngorms National Park,AB35 5TY,5,,,2,The Loch Lomond and The Trossachs National Park,PA27 8DN,7,
,1,The Cairngorms National Park,AB35 5UA,23,,,2,The Loch Lomond and The Trossachs National Park,PA23 8TU,49,
,1,The Cairngorms National Park,AB35 5UZ,12,,,2,The Loch Lomond and The Trossachs National Park,PA27 8DJ,40,
,1,The Cairngorms National Park,AB35 5UD,10,,,2,The Loch Lomond and The Trossachs National Park,PA23 8RA,33,
,1,The Cairngorms National Park,AB35 5YE,46,,,2,The Loch Lomond and The Trossachs National Park,PA24 8AR,5,
,1,The Cairngorms National Park,AB35 5UH,5,,,2,The Loch Lomond and The Trossachs National Park,PA24 8AQ,32,
,1,The Cairngorms National Park,AB35 5UJ,27,,,2,The Loch Lomond and The Trossachs National Park,PA24 8AP,27,
,1,The Cairngorms National Park,AB35 5UL,28,,,2,The Loch Lomond and The Trossachs National Park,PA24 8AN,8,
,1,The Cairngorms National Park,AB35 5UN,1,,,2,The Loch Lomond and The Trossachs National Park,PA24 8AL,3,
,1,The Cairngorms National Park,AB35 5UP,7,,,2,The Loch Lomond and The Trossachs National Park,PA24 8AJ,39,
,1,The Cairngorms National Park,AB35 5UQ,8,,,2,The Loch Lomond and The Trossachs National Park,PA24 8AH,50,
,1,The Cairngorms National Park,AB35 5UR,8,,,2,The Loch Lomond and The Trossachs National Park,PA24 8AG,13,
,1,The Cairngorms National Park,AB35 5US,5,,,2,The Loch Lomond and The Trossachs National Park,PA24 8AF,89,
,1,The Cairngorms National Park,AB35 5UB,4,,,2,The Loch Lomond and The Trossachs National Park,PA24 8AE,52,
,1,The Cairngorms National Park,AB36 8TY,0,,,2,The Loch Lomond and The Trossachs National Park,PA24 8AD,42,
,1,The Cairngorms National Park,AB35 5YB,18,,,2,The Loch Lomond and The Trossachs National Park,PA27 8DL,14,
,1,The Cairngorms National Park,AB36 8TJ,8,,,2,The Loch Lomond and The Trossachs National Park,G83 8QU,3,
,1,The Cairngorms National Park,AB36 8TL,0,,,2,The Loch Lomond and The Trossachs National Park,G83 8RP,233,
,1,The Cairngorms National Park,AB36 8TN,9,,,2,The Loch Lomond and The Trossachs National Park,G83 8RJ,5,
,1,The Cairngorms National Park,AB36 8TP,0,,,2,The Loch Lomond and The Trossachs National Park,G83 8RH,33,
,1,The Cairngorms National Park,AB36 8TQ,6,,,2,The Loch Lomond and The Trossachs National Park,G83 8RG,24,
,1,The Cairngorms National Park,AB36 8TR,19,,,2,The Loch Lomond and The Trossachs National Park,G83 8RF,7,
,1,The Cairngorms National Park,AB36 8TS,9,,,2,The Loch Lomond and The Trossachs National Park,G83 8RE,6,
,1,The Cairngorms National Park,AB36 8TG,22,,,2,The Loch Lomond and The Trossachs National Park,G83 8RD,62,
,1,The Cairngorms National Park,AB36 8TX,0,,,2,The Loch Lomond and The Trossachs National Park,G83 8RB,33,
,1,The Cairngorms National Park,AB35 5ZS,17,,,2,The Loch Lomond and The Trossachs National Park,G83 8QZB,20,
,1,The Cairngorms National Park,AB36 8UA,3,,,2,The Loch Lomond and The Trossachs National Park,G83 8QZA,18,
,1,The Cairngorms National Park,AB36 8UB,10,,,2,The Loch Lomond and The Trossachs National Park,PA23 8RR,49,
,1,The Cairngorms National Park,AB36 8UD,0,,,2,The Loch Lomond and The Trossachs National Park,G83 8QW,6,
,1,The Cairngorms National Park,AB36 8UH,15,,,2,The Loch Lomond and The Trossachs National Park,G83 8RS,14,
,1,The Cairngorms National Park,AB36 8UJ,23,,,2,The Loch Lomond and The Trossachs National Park,G83 8QS,9,
,1,The Cairngorms National Park,AB36 8UL,16,,,2,The Loch Lomond and The Trossachs National Park,G83 8QR,5,
,1,The Cairngorms National Park,AB36 8UN,24,,,2,The Loch Lomond and The Trossachs National Park,G83 8QP,18,
,1,The Cairngorms National Park,AB36 8UP,8,,,2,The Loch Lomond and The Trossachs National Park,G83 8QN,0,
,1,The Cairngorms National Park,AB36 8TT,4,,,2,The Loch Lomond and The Trossachs National Park,G83 8PG,19,
,1,The Cairngorms National Park,AB35 5YW,23,,,2,The Loch Lomond and The Trossachs National Park,G83 8PE,0,
,1,The Cairngorms National Park,AB35 5YF,11,,,2,The Loch Lomond and The Trossachs National Park,G83 8PD,20,
,1,The Cairngorms National Park,AB35 5YG,3,,,2,The Loch Lomond and The Trossachs National Park,G83 8PB,18,
,1,The Cairngorms National Park,AB35 5YH,19,,,2,The Loch Lomond and The Trossachs National Park,G83 8PA,24,
,1,The Cairngorms National Park,AB35 5YJ,20,,,2,The Loch Lomond and The Trossachs National Park,G83 8NZ,30,
,1,The Cairngorms National Park,AB35 5YL,42,,,2,The Loch Lomond and The Trossachs National Park,G63 0JT,0,
,1,The Cairngorms National Park,AB35 5YP,6,,,2,The Loch Lomond and The Trossachs National Park,G83 8QX,4,
,1,The Cairngorms National Park,AB35 5YQ,67,,,2,The Loch Lomond and The Trossachs National Park,G83 8SR,42,
,1,The Cairngorms National Park,AB35 5YS,31,,,2,The Loch Lomond and The Trossachs National Park,G83 8NX,20,
,1,The Cairngorms National Park,AB36 8TH,5,,,2,The Loch Lomond and The Trossachs National Park,PA23 8QU,54,
,1,The Cairngorms National Park,AB35 5YU,9,,,2,The Loch Lomond and The Trossachs National Park,PA23 8QT,15,
,1,The Cairngorms National Park,AB34 5LY,0,,,2,The Loch Lomond and The Trossachs National Park,G84 9EQ,3,
,1,The Cairngorms National Park,AB35 5YX,11,,,2,The Loch Lomond and The Trossachs National Park,G84 9EE,29,
,1,The Cairngorms National Park,AB35 5YY,2,,,2,The Loch Lomond and The Trossachs National Park,G84 9ED,15,
,1,The Cairngorms National Park,AB35 5YZ,28,,,2,The Loch Lomond and The Trossachs National Park,G84 9EB,7,
,1,The Cairngorms National Park,AB35 5ZA,28,,,2,The Loch Lomond and The Trossachs National Park,G84 8YT,5,
,1,The Cairngorms National Park,AB35 5ZB,58,,,2,The Loch Lomond and The Trossachs National Park,G83 8TU,12,
,1,The Cairngorms National Park,AB35 5ZP,2,,,2,The Loch Lomond and The Trossachs National Park,G83 8SY,161,
,1,The Cairngorms National Park,AB35 5ZQ,2,,,2,The Loch Lomond and The Trossachs National Park,G83 8SX,23,
,1,The Cairngorms National Park,AB35 5ZR,7,,,2,The Loch Lomond and The Trossachs National Park,G83 8RQ,15,
,1,The Cairngorms National Park,AB35 5YT,48,,,2,The Loch Lomond and The Trossachs National Park,G83 8SS,6,
,1,The Cairngorms National Park,PH26 3EG,20,,,2,The Loch Lomond and The Trossachs National Park,G83 8RR,60,
,1,The Cairngorms National Park,PH25 3EQ,14,,,2,The Loch Lomond and The Trossachs National Park,G83 8SN,24,
,1,The Cairngorms National Park,PH26 3EU,57,,,2,The Loch Lomond and The Trossachs National Park,G83 8SDA,27,
,1,The Cairngorms National Park,PH26 3ET,54,,,2,The Loch Lomond and The Trossachs National Park,G83 8SBB,3,
,1,The Cairngorms National Park,PH26 3ES,125,,,2,The Loch Lomond and The Trossachs National Park,G83 8SBA,59,
,1,The Cairngorms National Park,PH26 3ER,33,,,2,The Loch Lomond and The Trossachs National Park,G83 8SA,18,
,1,The Cairngorms National Park,PH26 3EP,15,,,2,The Loch Lomond and The Trossachs National Park,G83 8RZ,25,
,1,The Cairngorms National Park,PH26 3EN,44,,,2,The Loch Lomond and The Trossachs National Park,G83 8RY,32,
,1,The Cairngorms National Park,PH26 3EL,48,,,2,The Loch Lomond and The Trossachs National Park,G83 8RX,57,
,1,The Cairngorms National Park,PH26 3EX,126,,,2,The Loch Lomond and The Trossachs National Park,G83 8RU,27,
,1,The Cairngorms National Park,PH26 3EH,32,,,2,The Loch Lomond and The Trossachs National Park,G83 8RT,53,
,1,The Cairngorms National Park,PH26 3EY,166,,,2,The Loch Lomond and The Trossachs National Park,PA23 8RB,4,
,1,The Cairngorms National Park,PH26 3EF,7,,,2,The Loch Lomond and The Trossachs National Park,G83 8SW,16,
,1,The Cairngorms National Park,PH26 3EE,0,,,2,The Loch Lomond and The Trossachs National Park,FK8 3LE,10,
,1,The Cairngorms National Park,PH26 3EA,19,,,2,The Loch Lomond and The Trossachs National Park,FK21 8UR,4,
,1,The Cairngorms National Park,PH26 3DB,14,,,2,The Loch Lomond and The Trossachs National Park,FK8 3RQ,35,
,1,The Cairngorms National Park,PH26 3DA,32,,,2,The Loch Lomond and The Trossachs National Park,FK8 3RP,35,
,1,The Cairngorms National Park,PH26 3BS,15,,,2,The Loch Lomond and The Trossachs National Park,FK8 3RN,40,
,1,The Cairngorms National Park,PH25 3RA,20,,,2,The Loch Lomond and The Trossachs National Park,FK8 3RL,7,
,1,The Cairngorms National Park,PH24 3BE,30,,,2,The Loch Lomond and The Trossachs National Park,FK8 3RJ,56,
,1,The Cairngorms National Park,PH26 3EJ,7,,,2,The Loch Lomond and The Trossachs National Park,FK8 3RH,11,
,1,The Cairngorms National Park,PH26 3HL,11,,,2,The Loch Lomond and The Trossachs National Park,FK8 3RF,7,
,1,The Cairngorms National Park,PH26 3JA,12,,,2,The Loch Lomond and The Trossachs National Park,FK8 3RE,28,
,1,The Cairngorms National Park,PH26 3HZ,42,,,2,The Loch Lomond and The Trossachs National Park,FK8 3RD,50,
,1,The Cairngorms National Park,PH26 3HY,29,,,2,The Loch Lomond and The Trossachs National Park,FK8 3RS,43,
,1,The Cairngorms National Park,PH26 3HX,25,,,2,The Loch Lomond and The Trossachs National Park,FK8 3RA,31,
,1,The Cairngorms National Park,PH26 3HW,56,,,2,The Loch Lomond and The Trossachs National Park,FK8 3RT,15,
,1,The Cairngorms National Park,PH26 3HT,0,,,2,The Loch Lomond and The Trossachs National Park,FK8 3LB,9,
,1,The Cairngorms National Park,PH26 3HS,72,,,2,The Loch Lomond and The Trossachs National Park,FK8 3LA,3,
,1,The Cairngorms National Park,PH26 3HR,20,,,2,The Loch Lomond and The Trossachs National Park,FK21 8XE,5,
,1,The Cairngorms National Park,PH26 3EW,35,,,2,The Loch Lomond and The Trossachs National Park,FK21 8XD,41,
,1,The Cairngorms National Park,PH26 3HN,14,,,2,The Loch Lomond and The Trossachs National Park,FK21 8XB,12,
,1,The Cairngorms National Park,PH25 3EH,29,,,2,The Loch Lomond and The Trossachs National Park,FK21 8XA,34,
,1,The Cairngorms National Park,PH26 3HJ,13,,,2,The Loch Lomond and The Trossachs National Park,FK21 8UZ,10,
,1,The Cairngorms National Park,PH26 3HH,11,,,2,The Loch Lomond and The Trossachs National Park,FK21 8UY,87,
,1,The Cairngorms National Park,AB34 5ND,3,,,2,The Loch Lomond and The Trossachs National Park,FK21 8UX,11,
,1,The Cairngorms National Park,PH26 3HF,47,,,2,The Loch Lomond and The Trossachs National Park,FK21 8UW,45,
,1,The Cairngorms National Park,PH21 1HD,12,,,2,The Loch Lomond and The Trossachs National Park,G63 0JX,3,
,1,The Cairngorms National Park,PH26 3HB,42,,,2,The Loch Lomond and The Trossachs National Park,FK8 3RB,10,
,1,The Cairngorms National Park,PH26 3HA,21,,,2,The Loch Lomond and The Trossachs National Park,FK8 3ST,47,
,1,The Cairngorms National Park,PH26 3EZ,16,,,2,The Loch Lomond and The Trossachs National Park,FK8 3TJ,23,
,1,The Cairngorms National Park,PH26 3HP,13,,,2,The Loch Lomond and The Trossachs National Park,FK8 3TH,9,
,1,The Cairngorms National Park,PH24 3BT,16,,,2,The Loch Lomond and The Trossachs National Park,FK8 3TG,8,
,1,The Cairngorms National Park,PH25 3HA,0,,,2,The Loch Lomond and The Trossachs National Park,FK8 3TF,10,
,1,The Cairngorms National Park,PH25 3DD,9,,,2,The Loch Lomond and The Trossachs National Park,FK8 3TE,15,
,1,The Cairngorms National Park,PH25 3DB,10,,,2,The Loch Lomond and The Trossachs National Park,FK8 3TD,50,
,1,The Cairngorms National Park,PH25 3DA,9,,,2,The Loch Lomond and The Trossachs National Park,FK8 3TA,12,
,1,The Cairngorms National Park,PH24 3JA,36,,,2,The Loch Lomond and The Trossachs National Park,FK8 3SZ,100,
,1,The Cairngorms National Park,PH24 3BZ,30,,,2,The Loch Lomond and The Trossachs National Park,FK8 3SY,0,
,1,The Cairngorms National Park,PH24 3BY,86,,,2,The Loch Lomond and The Trossachs National Park,FK8 3SX,24,
,1,The Cairngorms National Park,PH24 3BX,62,,,2,The Loch Lomond and The Trossachs National Park,FK8 3RR,43,
,1,The Cairngorms National Park,PH25 3DF,18,,,2,The Loch Lomond and The Trossachs National Park,FK8 3SU,17,
,1,The Cairngorms National Park,PH24 3BU,27,,,2,The Loch Lomond and The Trossachs National Park,FK21 8UN,10,
,1,The Cairngorms National Park,PH25 3DG,67,,,2,The Loch Lomond and The Trossachs National Park,FK8 3SR,23,
,1,The Cairngorms National Park,PH24 3BS,8,,,2,The Loch Lomond and The Trossachs National Park,FK8 3SP,14,
,1,The Cairngorms National Park,PH24 3BQ,11,,,2,The Loch Lomond and The Trossachs National Park,FK8 3SG,0,
,1,The Cairngorms National Park,PH24 3BP,54,,,2,The Loch Lomond and The Trossachs National Park,FK8 3SF,10,
,1,The Cairngorms National Park,PH24 3BN,93,,,2,The Loch Lomond and The Trossachs National Park,FK8 3SE,3,
,1,The Cairngorms National Park,PH24 3BL,71,,,2,The Loch Lomond and The Trossachs National Park,FK8 3SD,0,
,1,The Cairngorms National Park,PH24 3BJ,56,,,2,The Loch Lomond and The Trossachs National Park,FK8 3SB,8,
,1,The Cairngorms National Park,PH24 3BH,4,,,2,The Loch Lomond and The Trossachs National Park,FK8 3RY,43,
,1,The Cairngorms National Park,PH24 3BG,7,,,2,The Loch Lomond and The Trossachs National Park,FK8 3RX,2,
,1,The Cairngorms National Park,PH24 3BW,4,,,2,The Loch Lomond and The Trossachs National Park,FK8 3RW,41,
,1,The Cairngorms National Park,PH25 3DU,35,,,2,The Loch Lomond and The Trossachs National Park,FK8 3RU,6,
,1,The Cairngorms National Park,PH25 3EG,17,,,2,The Loch Lomond and The Trossachs National Park,FK8 3SW,34,
,1,The Cairngorms National Park,PH25 3EF,58,,,2,The Loch Lomond and The Trossachs National Park,FK20 8QU,2,
,1,The Cairngorms National Park,PH25 3EE,11,,,2,The Loch Lomond and The Trossachs National Park,FK21 8UT,45,
,1,The Cairngorms National Park,PH25 3ED,54,,,2,The Loch Lomond and The Trossachs National Park,FK20 8RU,56,
,1,The Cairngorms National Park,PH25 3EB,34,,,2,The Loch Lomond and The Trossachs National Park,FK20 8RT,8,
,1,The Cairngorms National Park,PH25 3EA,4,,,2,The Loch Lomond and The Trossachs National Park,FK20 8RS,5,
,1,The Cairngorms National Park,PH25 3DZ,13,,,2,The Loch Lomond and The Trossachs National Park,FK20 8RR,25,
,1,The Cairngorms National Park,PH25 3DY,25,,,2,The Loch Lomond and The Trossachs National Park,FK20 8RQ,74,
,1,The Cairngorms National Park,PH25 3DE,47,,,2,The Loch Lomond and The Trossachs National Park,FK20 8RP,8,
,1,The Cairngorms National Park,PH25 3DW,21,,,2,The Loch Lomond and The Trossachs National Park,FK20 8RN,8,
,1,The Cairngorms National Park,PH26 3JE,4,,,2,The Loch Lomond and The Trossachs National Park,FK20 8RL,11,
,1,The Cairngorms National Park,PH25 3DT,4,,,2,The Loch Lomond and The Trossachs National Park,FK20 8RJ,11,
,1,The Cairngorms National Park,PH25 3DS,33,,,2,The Loch Lomond and The Trossachs National Park,FK20 8RY,64,
,1,The Cairngorms National Park,PH25 3DR,43,,,2,The Loch Lomond and The Trossachs National Park,FK20 8QW,6,
,1,The Cairngorms National Park,PH25 3DQ,3,,,2,The Loch Lomond and The Trossachs National Park,FK20 8SA,25,
,1,The Cairngorms National Park,PH25 3DN,12,,,2,The Loch Lomond and The Trossachs National Park,FK20 8QT,23,
,1,The Cairngorms National Park,PH25 3DL,4,,,2,The Loch Lomond and The Trossachs National Park,FK20 8QS,48,
,1,The Cairngorms National Park,PH25 3DJ,15,,,2,The Loch Lomond and The Trossachs National Park,FK20 8QR,10,
,1,The Cairngorms National Park,PH25 3DH,25,,,2,The Loch Lomond and The Trossachs National Park,FK20 8QQ,7,
,1,The Cairngorms National Park,PH25 3DX,94,,,2,The Loch Lomond and The Trossachs National Park,FK20 8QP,5,
,1,The Cairngorms National Park,PH26 3NZ,24,,,2,The Loch Lomond and The Trossachs National Park,FK20 8QN,11,
,1,The Cairngorms National Park,PH26 3JB,12,,,2,The Loch Lomond and The Trossachs National Park,FK19 8QG,37,
,1,The Cairngorms National Park,PH26 3PQ,37,,,2,The Loch Lomond and The Trossachs National Park,FK19 8QF,3,
,1,The Cairngorms National Park,PH26 3PL,37,,,2,The Loch Lomond and The Trossachs National Park,FK19 8QEB,15,
,1,The Cairngorms National Park,PH26 3PJ,6,,,2,The Loch Lomond and The Trossachs National Park,FK19 8QEA,15,
,1,The Cairngorms National Park,PH26 3PH,31,,,2,The Loch Lomond and The Trossachs National Park,FK19 8QD,2,
,1,The Cairngorms National Park,PH26 3PF,53,,,2,The Loch Lomond and The Trossachs National Park,FK20 8QY,0,
,1,The Cairngorms National Park,PH26 3PE,1,,,2,The Loch Lomond and The Trossachs National Park,FK21 8SR,14,
,1,The Cairngorms National Park,PH26 3PD,9,,,2,The Loch Lomond and The Trossachs National Park,FK21 8UL,5,
,1,The Cairngorms National Park,PH26 3PS,15,,,2,The Loch Lomond and The Trossachs National Park,FK21 8UJ,8,
,1,The Cairngorms National Park,PH26 3PA,130,,,2,The Loch Lomond and The Trossachs National Park,FK21 8UH,17,
,1,The Cairngorms National Park,PH26 3PT,20,,,2,The Loch Lomond and The Trossachs National Park,FK21 8TQ,22,
,1,The Cairngorms National Park,PH26 3NY,7,,,2,The Loch Lomond and The Trossachs National Park,FK21 8TJ,10,
,1,The Cairngorms National Park,PH26 3NX,10,,,2,The Loch Lomond and The Trossachs National Park,FK21 8TH,29,
,1,The Cairngorms National Park,PH26 3NW,2,,,2,The Loch Lomond and The Trossachs National Park,FK21 8TG,13,
,1,The Cairngorms National Park,PH26 3NU,31,,,2,The Loch Lomond and The Trossachs National Park,FK21 8TF,10,
,1,The Cairngorms National Park,PH26 3NT,70,,,2,The Loch Lomond and The Trossachs National Park,FK21 8TE,43,
,1,The Cairngorms National Park,PH26 3NS,14,,,2,The Loch Lomond and The Trossachs National Park,FK21 8TD,29,
,1,The Cairngorms National Park,PH26 3NQ,48,,,2,The Loch Lomond and The Trossachs National Park,FK20 8RX,4,
,1,The Cairngorms National Park,PH26 3NP,2,,,2,The Loch Lomond and The Trossachs National Park,FK21 8SW,8,
,1,The Cairngorms National Park,PH26 3PB,5,,,2,The Loch Lomond and The Trossachs National Park,FK8 3TP,21,
,1,The Cairngorms National Park,PH26 3QZ,0,,,2,The Loch Lomond and The Trossachs National Park,FK21 8SN,17,
,1,The Cairngorms National Park,AB34 5JY,34,,,2,The Loch Lomond and The Trossachs National Park,FK21 8SL,4,
,1,The Cairngorms National Park,AB34 5LL,2,,,2,The Loch Lomond and The Trossachs National Park,FK21 8SJ,3,
,1,The Cairngorms National Park,AB34 5LN,2,,,2,The Loch Lomond and The Trossachs National Park,FK21 8SH,78,
,1,The Cairngorms National Park,AB34 5LP,11,,,2,The Loch Lomond and The Trossachs National Park,FK21 8RH,9,
,1,The Cairngorms National Park,AB34 5LQ,15,,,2,The Loch Lomond and The Trossachs National Park,FK21 8RG,21,
,1,The Cairngorms National Park,AB34 5LR,0,,,2,The Loch Lomond and The Trossachs National Park,FK21 8RF,25,
,1,The Cairngorms National Park,AB34 5LS,19,,,2,The Loch Lomond and The Trossachs National Park,FK21 8RE,3,
,1,The Cairngorms National Park,AB34 5LU,10,,,2,The Loch Lomond and The Trossachs National Park,FK21 8RD,10,
,1,The Cairngorms National Park,PH26 3PR,51,,,2,The Loch Lomond and The Trossachs National Park,FK21 8RB,2,
,1,The Cairngorms National Park,PH26 3RA,20,,,2,The Loch Lomond and The Trossachs National Park,FK21 8RA,2,
,1,The Cairngorms National Park,PH26 3NJ,6,,,2,The Loch Lomond and The Trossachs National Park,FK21 8SZ,9,
,1,The Cairngorms National Park,PH26 3QW,11,,,2,The Loch Lomond and The Trossachs National Park,G63 0BZ,55,
,1,The Cairngorms National Park,PH26 3QQ,141,,,2,The Loch Lomond and The Trossachs National Park,FK8 3TL,224,
,1,The Cairngorms National Park,PH26 3QH,92,,,2,The Loch Lomond and The Trossachs National Park,G63 0DX,45,
,1,The Cairngorms National Park,PH26 3QE,0,,,2,The Loch Lomond and The Trossachs National Park,G63 0DW,27,
,1,The Cairngorms National Park,PH26 3QD,8,,,2,The Loch Lomond and The Trossachs National Park,G63 0DU,2,
,1,The Cairngorms National Park,PH26 3QB,35,,,2,The Loch Lomond and The Trossachs National Park,G63 0DT,29,
,1,The Cairngorms National Park,PH26 3QA,31,,,2,The Loch Lomond and The Trossachs National Park,G63 0DS,4,
,1,The Cairngorms National Park,PH26 3PZ,33,,,2,The Loch Lomond and The Trossachs National Park,G63 0DR,34,
,1,The Cairngorms National Park,PH26 3TA,0,,,2,The Loch Lomond and The Trossachs National Park,G63 0DP,7,
,1,The Cairngorms National Park,PH26 3JQ,14,,,2,The Loch Lomond and The Trossachs National Park,G63 0DN,22,
,1,The Cairngorms National Park,PH26 3LE,44,,,2,The Loch Lomond and The Trossachs National Park,G63 0DL,69,
,1,The Cairngorms National Park,PH26 3LD,51,,,2,The Loch Lomond and The Trossachs National Park,G63 0DZ,1,
,1,The Cairngorms National Park,PH26 3LB,15,,,2,The Loch Lomond and The Trossachs National Park,G63 0DH,30,
,1,The Cairngorms National Park,PH26 3LA,55,,,2,The Loch Lomond and The Trossachs National Park,G63 0EA,19,
,1,The Cairngorms National Park,PH26 3JZ,13,,,2,The Loch Lomond and The Trossachs National Park,G63 0BY,24,
,1,The Cairngorms National Park,PH26 3JW,4,,,2,The Loch Lomond and The Trossachs National Park,G63 0BX,29,
,1,The Cairngorms National Park,PH26 3JU,26,,,2,The Loch Lomond and The Trossachs National Park,G63 0BW,46,
,1,The Cairngorms National Park,PH26 3JT,4,,,2,The Loch Lomond and The Trossachs National Park,G63 0BU,40,
,1,The Cairngorms National Park,PH26 3NN,25,,,2,The Loch Lomond and The Trossachs National Park,G63 0BT,31,
,1,The Cairngorms National Park,PH26 3JR,116,,,2,The Loch Lomond and The Trossachs National Park,G63 0BS,29,
,1,The Cairngorms National Park,PH26 3LH,22,,,2,The Loch Lomond and The Trossachs National Park,G63 0BQ,15,
,1,The Cairngorms National Park,PH26 3JP,14,,,2,The Loch Lomond and The Trossachs National Park,G63 0BP,8,
,1,The Cairngorms National Park,PH26 3JN,37,,,2,The Loch Lomond and The Trossachs National Park,G63 0BN,15,
,1,The Cairngorms National Park,PH26 3JL,12,,,2,The Loch Lomond and The Trossachs National Park,G63 0BL,9,
,1,The Cairngorms National Park,PH26 3JJ,1,,,2,The Loch Lomond and The Trossachs National Park,G63 0BJ,0,
,1,The Cairngorms National Park,PH26 3JH,8,,,2,The Loch Lomond and The Trossachs National Park,G63 0DJ,13,
,1,The Cairngorms National Park,PH26 3JG,6,,,2,The Loch Lomond and The Trossachs National Park,G63 0HT,42,
,1,The Cairngorms National Park,PH26 3JF,27,,,2,The Loch Lomond and The Trossachs National Park,G63 0JS,2,
,1,The Cairngorms National Park,PH26 3HE,5,,,2,The Loch Lomond and The Trossachs National Park,G63 0JQ,61,
,1,The Cairngorms National Park,PH26 3JS,9,,,2,The Loch Lomond and The Trossachs National Park,G63 0JJ,21,
,1,The Cairngorms National Park,PH26 3LX,14,,,2,The Loch Lomond and The Trossachs National Park,G63 0JH,28,
,1,The Cairngorms National Park,PH26 3JD,82,,,2,The Loch Lomond and The Trossachs National Park,G63 0JG,15,
,1,The Cairngorms National Park,PH26 3NH,45,,,2,The Loch Lomond and The Trossachs National Park,G63 0JE,33,
,1,The Cairngorms National Park,PH26 3NG,1,,,2,The Loch Lomond and The Trossachs National Park,G63 0JD,20,
,1,The Cairngorms National Park,PH26 3NF,18,,,2,The Loch Lomond and The Trossachs National Park,G63 0JB,5,
,1,The Cairngorms National Park,PH26 3NE,16,,,2,The Loch Lomond and The Trossachs National Park,G63 0JA,29,
,1,The Cairngorms National Park,PH26 3ND,6,,,2,The Loch Lomond and The Trossachs National Park,PH6 2NQ,17,
,1,The Cairngorms National Park,PH26 3NB,0,,,2,The Loch Lomond and The Trossachs National Park,G63 0DY,16,
,1,The Cairngorms National Park,PH26 3NA,0,,,2,The Loch Lomond and The Trossachs National Park,G63 0HU,20,
,1,The Cairngorms National Park,PH26 3LF,27,,,2,The Loch Lomond and The Trossachs National Park,G63 0BD,66,
,1,The Cairngorms National Park,PH26 3LY,16,,,2,The Loch Lomond and The Trossachs National Park,G63 0HG,37,
,1,The Cairngorms National Park,PH26 3LG,7,,,2,The Loch Lomond and The Trossachs National Park,G63 0HF,5,
,1,The Cairngorms National Park,PH26 3LW,69,,,2,The Loch Lomond and The Trossachs National Park,G63 0HD,8,
,1,The Cairngorms National Park,PH26 3LU,30,,,2,The Loch Lomond and The Trossachs National Park,G63 0HB,20,
,1,The Cairngorms National Park,PH26 3LT,11,,,2,The Loch Lomond and The Trossachs National Park,G63 0EY,0,
,1,The Cairngorms National Park,PH26 3LS,23,,,2,The Loch Lomond and The Trossachs National Park,G63 0EX,23,
,1,The Cairngorms National Park,PH26 3LQ,39,,,2,The Loch Lomond and The Trossachs National Park,G63 0EU,37,
,1,The Cairngorms National Park,PH26 3LN,5,,,2,The Loch Lomond and The Trossachs National Park,G63 0ET,22,
,1,The Cairngorms National Park,PH26 3LL,29,,,2,The Loch Lomond and The Trossachs National Park,G63 0ER,9,
,1,The Cairngorms National Park,PH26 3LJ,8,,,2,The Loch Lomond and The Trossachs National Park,G63 0EP,4,
,1,The Cairngorms National Park,PH26 3NL,1,,,2,The Loch Lomond and The Trossachs National Park,G63 0EB,6,
,1,The Cairngorms National Park,PH26 3LZ,26,,,2,The Loch Lomond and The Trossachs National Park,G63 0HX,129,
,1,The Cairngorms National Park,PH21 1NA,36,,,2,The Loch Lomond and The Trossachs National Park,FK8 3UE,0,
,1,The Cairngorms National Park,PH21 1LL,69,,,2,The Loch Lomond and The Trossachs National Park,FK8 3UX,41,
,1,The Cairngorms National Park,PH21 1NS,13,,,2,The Loch Lomond and The Trossachs National Park,FK8 3UW,6,
,1,The Cairngorms National Park,PH21 1NR,26,,,2,The Loch Lomond and The Trossachs National Park,FK8 3UU,23,
,1,The Cairngorms National Park,PH21 1NQ,38,,,2,The Loch Lomond and The Trossachs National Park,FK8 3UR,5,
,1,The Cairngorms National Park,PH21 1NP,27,,,2,The Loch Lomond and The Trossachs National Park,FK8 3UQ,27,
,1,The Cairngorms National Park,PH21 1NN,33,,,2,The Loch Lomond and The Trossachs National Park,FK8 3UP,85,
,1,The Cairngorms National Park,PH21 1NH,3,,,2,The Loch Lomond and The Trossachs National Park,FK8 3UN,18,
,1,The Cairngorms National Park,PH21 1NG,27,,,2,The Loch Lomond and The Trossachs National Park,FK8 3UL,13,
,1,The Cairngorms National Park,PH21 1NU,64,,,2,The Loch Lomond and The Trossachs National Park,FK8 3UJ,5,
,1,The Cairngorms National Park,PH21 1NB,29,,,2,The Loch Lomond and The Trossachs National Park,FK8 3UH,19,
,1,The Cairngorms National Park,PH21 1NX,20,,,2,The Loch Lomond and The Trossachs National Park,G63 0BH,40,
,1,The Cairngorms National Park,PH21 1LZ,5,,,2,The Loch Lomond and The Trossachs National Park,FK8 3UF,14,
,1,The Cairngorms National Park,PH21 1LY,6,,,2,The Loch Lomond and The Trossachs National Park,FK8 3XB,71,
,1,The Cairngorms National Park,PH21 1LX,6,,,2,The Loch Lomond and The Trossachs National Park,FK8 3UB,2,
,1,The Cairngorms National Park,PH21 1LU,15,,,2,The Loch Lomond and The Trossachs National Park,FK8 3UA,2,
,1,The Cairngorms National Park,PH21 1LT,14,,,2,The Loch Lomond and The Trossachs National Park,FK8 3TY,36,
,1,The Cairngorms National Park,PH21 1LS,7,,,2,The Loch Lomond and The Trossachs National Park,FK8 3TX,3,
,1,The Cairngorms National Park,PH21 1LR,13,,,2,The Loch Lomond and The Trossachs National Park,FK8 3TW,62,
,1,The Cairngorms National Park,PH22 1PA,90,,,2,The Loch Lomond and The Trossachs National Park,FK8 3TU,47,
,1,The Cairngorms National Park,PH21 1NF,6,,,2,The Loch Lomond and The Trossachs National Park,FK8 3TT,2,
,1,The Cairngorms National Park,PH21 1QD,22,,,2,The Loch Lomond and The Trossachs National Park,FK8 3TS,4,
,1,The Cairngorms National Park,PH22 1LQ,9,,,2,The Loch Lomond and The Trossachs National Park,FK8 3TR,12,
,1,The Cairngorms National Park,PH22 1LG,14,,,2,The Loch Lomond and The Trossachs National Park,FK8 3TQ,59,
,1,The Cairngorms National Park,PH22 1LF,16,,,2,The Loch Lomond and The Trossachs National Park,FK19 8QB,3,
,1,The Cairngorms National Park,PH22 1LE,10,,,2,The Loch Lomond and The Trossachs National Park,FK8 3UG,15,
,1,The Cairngorms National Park,PH22 1LD,26,,,2,The Loch Lomond and The Trossachs National Park,G63 0AD,5,
,1,The Cairngorms National Park,PH22 1LB,22,,,2,The Loch Lomond and The Trossachs National Park,FK8 3TN,10,
,1,The Cairngorms National Park,PH22 1LA,3,,,2,The Loch Lomond and The Trossachs National Park,G63 0BB,27,
,1,The Cairngorms National Park,PH21 1QS,21,,,2,The Loch Lomond and The Trossachs National Park,G63 0BA,37,
,1,The Cairngorms National Park,PH21 1NT,30,,,2,The Loch Lomond and The Trossachs National Park,G63 0AX,11,
,1,The Cairngorms National Park,PH21 1QE,20,,,2,The Loch Lomond and The Trossachs National Park,G63 0AW,103,
,1,The Cairngorms National Park,PH21 1LJ,19,,,2,The Loch Lomond and The Trossachs National Park,G63 0AR,18,
,1,The Cairngorms National Park,PH21 1QB,11,,,2,The Loch Lomond and The Trossachs National Park,G63 0AQ,13,
,1,The Cairngorms National Park,PH21 1QA,8,,,2,The Loch Lomond and The Trossachs National Park,G63 0AN,0,
,1,The Cairngorms National Park,PH21 1PE,5,,,2,The Loch Lomond and The Trossachs National Park,G63 0AL,3,
,1,The Cairngorms National Park,PH21 1PD,9,,,2,The Loch Lomond and The Trossachs National Park,G63 0AJ,0,
,1,The Cairngorms National Park,PH21 1PB,41,,,2,The Loch Lomond and The Trossachs National Park,G63 0AH,6,
,1,The Cairngorms National Park,PH21 1PA,79,,,2,The Loch Lomond and The Trossachs National Park,FK8 3UY,27,
,1,The Cairngorms National Park,PH21 1NZ,8,,,2,The Loch Lomond and The Trossachs National Park,G63 0AE,7,
,1,The Cairngorms National Park,PH21 1NY,41,,,2,The Loch Lomond and The Trossachs National Park,FK8 3XA,29,
,1,The Cairngorms National Park,PH21 1QF,6,,,2,The Loch Lomond and The Trossachs National Park,G63 0AB,3,
,1,The Cairngorms National Park,PH21 1HQ,6,,,2,The Loch Lomond and The Trossachs National Park,G63 0AA,17,
,1,The Cairngorms National Park,PH21 1LQ,2,,,2,The Loch Lomond and The Trossachs National Park,FK8 3XQ,0,
,1,The Cairngorms National Park,PH21 1JE,3,,,2,The Loch Lomond and The Trossachs National Park,FK8 3XN,21,
,1,The Cairngorms National Park,PH21 1JD,35,,,2,The Loch Lomond and The Trossachs National Park,FK8 3XL,7,
,1,The Cairngorms National Park,PH24 3BD,8,,,2,The Loch Lomond and The Trossachs National Park,FK8 3XJ,1,
,1,The Cairngorms National Park,PH21 1HZ,28,,,2,The Loch Lomond and The Trossachs National Park,FK8 3XH,2,
,1,The Cairngorms National Park,PH26 3HG,16,,,2,The Loch Lomond and The Trossachs National Park,FK8 3XG,9,
,1,The Cairngorms National Park,PH21 1HX,70,,,2,The Loch Lomond and The Trossachs National Park,FK8 3XF,35,
,1,The Cairngorms National Park,PH21 1HW,6,,,2,The Loch Lomond and The Trossachs National Park,FK8 3XD,13,
,1,The Cairngorms National Park,PH21 1JG,19,,,2,The Loch Lomond and The Trossachs National Park,G63 0BG,46,
,1,The Cairngorms National Park,PH21 1HR,10,,,2,The Loch Lomond and The Trossachs National Park,G63 0AG,7,
,1,The Cairngorms National Park,PH21 1JH,11,,,TOTAL,,558,15261,
,1,The Cairngorms National Park,PH21 1HP,12,,,,,,,
,1,The Cairngorms National Park,PH21 1HN,15,,,,,,,
,1,The Cairngorms National Park,PH21 1HL,6,,,,,,,
,1,The Cairngorms National Park,PH21 1HJ,26,,,,,,,
,1,The Cairngorms National Park,PH21 1HH,6,,,,,,,
,1,The Cairngorms National Park,PH21 1HG,30,,,,,,,
,1,The Cairngorms National Park,PH21 1HF,23,,,,,,,
,1,The Cairngorms National Park,PH21 1HE,28,,,,,,,
,1,The Cairngorms National Park,PH21 1HS,12,,,,,,,
,1,The Cairngorms National Park,PH21 1JW,66,,,,,,,
,1,The Cairngorms National Park,PH21 1LH,41,,,,,,,
,1,The Cairngorms National Park,PH21 1LG,4,,,,,,,
,1,The Cairngorms National Park,PH21 1LF,14,,,,,,,
,1,The Cairngorms National Park,PH21 1LE,8,,,,,,,
,1,The Cairngorms National Park,PH21 1LD,25,,,,,,,
,1,The Cairngorms National Park,PH21 1LB,22,,,,,,,
,1,The Cairngorms National Park,PH21 1LA,9,,,,,,,
,1,The Cairngorms National Park,PH21 1JZ,30,,,,,,,
,1,The Cairngorms National Park,PH21 1JF,45,,,,,,,
,1,The Cairngorms National Park,PH21 1JX,7,,,,,,,
,1,The Cairngorms National Park,PH21 1JB,3,,,,,,,
,1,The Cairngorms National Park,PH21 1JU,16,,,,,,,
,1,The Cairngorms National Park,PH21 1JS,50,,,,,,,
,1,The Cairngorms National Park,PH21 1JR,44,,,,,,,
,1,The Cairngorms National Park,PH21 1JQ,27,,,,,,,
,1,The Cairngorms National Park,PH21 1JP,40,,,,,,,
,1,The Cairngorms National Park,PH21 1JN,17,,,,,,,
,1,The Cairngorms National Park,PH21 1JL,34,,,,,,,
,1,The Cairngorms National Park,PH21 1JJ,8,,,,,,,
,1,The Cairngorms National Park,PH21 1JY,5,,,,,,,
,1,The Cairngorms National Park,PH22 1TF,62,,,,,,,
,1,The Cairngorms National Park,PH23 3AG,3,,,,,,,
,1,The Cairngorms National Park,PH23 3AF,30,,,,,,,
,1,The Cairngorms National Park,PH23 3AE,14,,,,,,,
,1,The Cairngorms National Park,PH23 3AD,67,,,,,,,
,1,The Cairngorms National Park,PH23 3AA,54,,,,,,,
,1,The Cairngorms National Park,PH22 1UR,16,,,,,,,
,1,The Cairngorms National Park,PH22 1UA,28,,,,,,,
,1,The Cairngorms National Park,PH22 1TL,73,,,,,,,
,1,The Cairngorms National Park,PH22 1SQ,112,,,,,,,
,1,The Cairngorms National Park,PH22 1TG,113,,,,,,,
,1,The Cairngorms National Park,PH23 3AP,12,,,,,,,
,1,The Cairngorms National Park,PH22 1TD,16,,,,,,,
,1,The Cairngorms National Park,PH22 1TB,29,,,,,,,
,1,The Cairngorms National Park,PH22 1TA,10,,,,,,,
,1,The Cairngorms National Park,PH22 1SZ,35,,,,,,,
,1,The Cairngorms National Park,PH22 1SW,44,,,,,,,
,1,The Cairngorms National Park,PH22 1ST,0,,,,,,,
,1,The Cairngorms National Park,PH22 1SS,119,,,,,,,
,1,The Cairngorms National Park,PH22 1SR,72,,,,,,,
,1,The Cairngorms National Park,PH22 1TH,57,,,,,,,
,1,The Cairngorms National Park,PH23 3BA,45,,,,,,,
,1,The Cairngorms National Park,PH21 1HY,19,,,,,,,
,1,The Cairngorms National Park,PH22 1PB,0,,,,,,,
,1,The Cairngorms National Park,PH24 3BB,3,,,,,,,
,1,The Cairngorms National Park,PH24 3BA,52,,,,,,,
,1,The Cairngorms National Park,PH23 3ND,44,,,,,,,
,1,The Cairngorms National Park,PH23 3NB,5,,,,,,,
,1,The Cairngorms National Park,PH23 3NA,10,,,,,,,
,1,The Cairngorms National Park,PH23 3DA,11,,,,,,,
,1,The Cairngorms National Park,PH23 3AL,35,,,,,,,
,1,The Cairngorms National Park,PH23 3BB,36,,,,,,,
,1,The Cairngorms National Park,PH23 3AN,67,,,,,,,
,1,The Cairngorms National Park,PH23 3AZ,12,,,,,,,
,1,The Cairngorms National Park,PH23 3AY,15,,,,,,,
,1,The Cairngorms National Park,PH23 3AX,23,,,,,,,
,1,The Cairngorms National Park,PH23 3AU,25,,,,,,,
,1,The Cairngorms National Park,PH23 3AT,9,,,,,,,
,1,The Cairngorms National Park,PH23 3AS,40,,,,,,,
,1,The Cairngorms National Park,PH23 3AR,6,,,,,,,
,1,The Cairngorms National Park,PH23 3AQ,74,,,,,,,
,1,The Cairngorms National Park,PH23 3BD,21,,,,,,,
,1,The Cairngorms National Park,PH23 3BE,48,,,,,,,
,1,The Cairngorms National Park,PH22 1QB,55,,,,,,,
,1,The Cairngorms National Park,PH22 1RE,22,,,,,,,
,1,The Cairngorms National Park,PH22 1RD,19,,,,,,,
,1,The Cairngorms National Park,PH22 1QW,12,,,,,,,
,1,The Cairngorms National Park,PH22 1QU,79,,,,,,,
,1,The Cairngorms National Park,PH22 1QT,19,,,,,,,
,1,The Cairngorms National Park,PH22 1QP,39,,,,,,,
,1,The Cairngorms National Park,PH22 1QH,148,,,,,,,
,1,The Cairngorms National Park,PH22 1RF,39,,,,,,,
,1,The Cairngorms National Park,PH22 1QD,71,,,,,,,
,1,The Cairngorms National Park,PH22 1PZ,32,,,,,,,
,1,The Cairngorms National Park,PH22 1QA,10,,,,,,,
,1,The Cairngorms National Park,PH22 1PY,12,,,,,,,
,1,The Cairngorms National Park,PH22 1PU,17,,,,,,,
,1,The Cairngorms National Park,PH22 1PT,6,,,,,,,
,1,The Cairngorms National Park,PH22 1SP,38,,,,,,,
,1,The Cairngorms National Park,PH23 3BX,9,,,,,,,
,1,The Cairngorms National Park,PH22 1PF,15,,,,,,,
,1,The Cairngorms National Park,PH22 1PD,5,,,,,,,
,1,The Cairngorms National Park,PH22 1QF,33,,,,,,,
,1,The Cairngorms National Park,PH22 1SN,96,,,,,,,
,1,The Cairngorms National Park,PH22 1SF,54,,,,,,,
,1,The Cairngorms National Park,PH22 1PX,3,,,,,,,
,1,The Cairngorms National Park,PH22 1RG,14,,,,,,,
,1,The Cairngorms National Park,PH22 1SL,67,,,,,,,
,1,The Cairngorms National Park,PH22 1SE,181,,,,,,,
,1,The Cairngorms National Park,PH22 1SB,73,,,,,,,
,1,The Cairngorms National Park,PH22 1SG,31,,,,,,,
,1,The Cairngorms National Park,PH22 1SA,34,,,,,,,
,1,The Cairngorms National Park,PH22 1RZ,72,,,,,,,
,1,The Cairngorms National Park,PH22 1RY,66,,,,,,,
,1,The Cairngorms National Park,PH22 1RX,29,,,,,,,
,1,The Cairngorms National Park,PH22 1RS,77,,,,,,,
,1,The Cairngorms National Park,PH22 1RL,12,,,,,,,
,1,The Cairngorms National Park,PH22 1RW,115,,,,,,,
,1,The Cairngorms National Park,PH22 1RQ,8,,,,,,,
,1,The Cairngorms National Park,PH22 1RP,13,,,,,,,
,1,The Cairngorms National Park,PH22 1RR,93,,,,,,,
,1,The Cairngorms National Park,PH22 1RT,7,,,,,,,
,1,The Cairngorms National Park,PH22 1RH,24,,,,,,,
,1,The Cairngorms National Park,PH22 1RU,5,,,,,,,
,TOTAL,,673,15759,,,,,,,